begriff,erklaerung,beispiel
Bundeshaushalt,"Der Haushaltsplan des Bundes legt fest, wie viel Geld der Bund in einem Jahr ausgeben darf und welche Einnahmen er erwartet. Der Bundestag beschließt ihn als Gesetz. Rechtlich verbindlich ist ausschließlich der veröffentlichte Haushaltsplan.",
Soll,"Der im Haushalt veranschlagte Betrag. Haushaltsblick verwendet den Soll der internalapi von bundeshaushalt.de, der Nachtragshaushalte enthält. Fehlt er, gilt der Wert aus der XML-Datei des Haushaltsplans.",
Ist,"Der tatsächlich gebuchte Betrag eines abgeschlossenen Haushaltsjahres. Für das laufende und das kommende Jahr gibt es noch kein Ist; der Wert bleibt dann leer.",
Ist-Quote,"Anteil des Solls, der tatsächlich ausgegeben oder eingenommen wurde. Eine Quote über 100 % bedeutet, dass mehr gebucht als veranschlagt wurde.",
Haushaltsstand,"Gibt an, auf welcher Fassung ein Soll beruht: Regierungsentwurf, beschlossenes Gesetz oder Gesetz einschließlich Nachtragshaushalt. Soll-Werte verschiedener Stände sind nur eingeschränkt vergleichbar.",
Regierungsentwurf,"Der von der Bundesregierung beschlossene Entwurf des Haushalts, über den der Bundestag noch berät. Die Beträge können sich bis zum Beschluss ändern.",
Nachtragshaushalt,"Ein Gesetz, das den beschlossenen Haushalt im laufenden Jahr ändert. Der Soll der internalapi enthält Nachträge, die XML-Datei des Haushaltsplans nicht.",
Einzelplan,"Oberste Gliederung des Haushalts, meist ein Ministerium oder ein Verfassungsorgan. Die Nummern bleiben über die Jahre meist gleich, Zuschnitt und Name eines Ressorts können sich ändern.",
Kapitel,"Untergliederung eines Einzelplans, etwa eine Behörde oder ein Aufgabenbereich. Die ersten zwei Ziffern der vierstelligen Kapitelnummer sind der Einzelplan.",
Titel,"Kleinste Einheit des Haushalts mit einem bestimmten Zweck. Der Titelschlüssel in Haushaltsblick besteht aus der Kapitelnummer und der fünfstelligen Titelnummer.",
Titelgruppe,"Fasst mehrere Titel eines Kapitels zu einem gemeinsamen Zweck zusammen, zum Beispiel einem Förderprogramm.",
Funktion,"Ordnet Ausgaben nach Aufgabenbereichen wie Verteidigung, Bildung oder Soziale Sicherung, unabhängig vom Ressort. Der Funktionenplan hat drei Ebenen: Hauptfunktion, Oberfunktion und Funktion.",
Gruppierung,"Ordnet Einnahmen und Ausgaben nach ihrer ökonomischen Art, zum Beispiel Steuern, Personalausgaben oder Investitionen. Die ersten drei Ziffern der Titelnummer bilden die Gruppierung.",
Globale Minderausgabe,"Ein negativer Ausgabeansatz, mit dem der Haushalt pauschale Einsparungen vorsieht, ohne sie schon einzelnen Titeln zuzuordnen. Im Lauf des Jahres wird sie durch geringere Ausgaben an anderer Stelle erwirtschaftet.",
Verpflichtungsermächtigung,"Erlaubt, im laufenden Jahr Verträge einzugehen, die erst in späteren Jahren zu Ausgaben führen. Verpflichtungsermächtigungen sind in Haushaltsblick nicht als Beträge enthalten.",
Flexibilisierung,"Für flexibilisierte Ausgaben gelten erleichterte Regeln: Mittel können in festgelegten Grenzen zwischen Titeln verschoben oder ins nächste Jahr übertragen werden. Bei Einnahmetiteln ist das Merkmal nicht anwendbar.",
Sondervermögen,"Vom Kernhaushalt getrennte Vermögensmasse des Bundes für eine bestimmte Aufgabe, etwa der Klima- und Transformationsfonds. Wirtschaftspläne von Sondervermögen erscheinen als Anlage zum Haushaltsplan und zählen in Haushaltsblick nie zum Gesamthaushalt.",
Haushaltsausgleich,"Einnahmen und Ausgaben eines Haushalts sind gleich hoch. Das gelingt, weil die Einnahmen auch Kredite enthalten; ausgeglichen heißt deshalb nicht schuldenfrei.",
Pro Kopf,"Betrag geteilt durch die Bevölkerung Deutschlands am 1. Januar des Haushaltsjahres laut Eurostat. Für Jahre ohne veröffentlichte Bevölkerungszahl gilt der letzte verfügbare Wert.",
Nominal,"Alle Beträge sind in Euro des jeweiligen Jahres angegeben, ohne Bereinigung um Preissteigerungen. Vergleiche über viele Jahre enthalten deshalb auch die Inflation.",
