jahr,einwohner,stichtag,quelle,hinweis
2012,80327900,2012-01-01,Eurostat demo_pjan,
2013,80523746,2013-01-01,Eurostat demo_pjan,
2014,80767463,2014-01-01,Eurostat demo_pjan,
2015,81197537,2015-01-01,Eurostat demo_pjan,
2016,82175684,2016-01-01,Eurostat demo_pjan,
2017,82521653,2017-01-01,Eurostat demo_pjan,
2018,82792351,2018-01-01,Eurostat demo_pjan,
2019,83019213,2019-01-01,Eurostat demo_pjan,
2020,83166711,2020-01-01,Eurostat demo_pjan,
2021,83155031,2021-01-01,Eurostat demo_pjan,
2022,83237124,2022-01-01,Eurostat demo_pjan,
2023,83118501,2023-01-01,Eurostat demo_pjan,Bruch in der Zeitreihe durch den Zensus 2022
2024,83456045,2024-01-01,Eurostat demo_pjan,
2025,83577140,2025-01-01,Eurostat demo_pjan,
