begriff,typ,schluessel,konto,jahr_von,jahr_bis
Bundespräsident,einzelplan,01,ausgaben,2012,
Bundespräsidialamt,einzelplan,01,ausgaben,2012,
Bundestag,einzelplan,02,ausgaben,2012,
Bundesrat,einzelplan,03,ausgaben,2012,
Kanzleramt,einzelplan,04,ausgaben,2012,
Bundeskanzleramt,einzelplan,04,ausgaben,2012,
Auswärtiges Amt,einzelplan,05,ausgaben,2012,
Außenministerium,einzelplan,05,ausgaben,2012,
Innenministerium,einzelplan,06,ausgaben,2012,
Justizministerium,einzelplan,07,ausgaben,2012,
Finanzministerium,einzelplan,08,ausgaben,2012,
Wirtschaftsministerium,einzelplan,09,ausgaben,2012,
Landwirtschaftsministerium,einzelplan,10,ausgaben,2012,
Arbeitsministerium,einzelplan,11,ausgaben,2012,
Sozialministerium,einzelplan,11,ausgaben,2012,
Verkehrsministerium,einzelplan,12,ausgaben,2012,
Bundeswehr,einzelplan,14,ausgaben,2012,
Verteidigungsministerium,einzelplan,14,ausgaben,2012,
Gesundheitsministerium,einzelplan,15,ausgaben,2012,
Umweltministerium,einzelplan,16,ausgaben,2012,
Familienministerium,einzelplan,17,ausgaben,2012,
Bundesverfassungsgericht,einzelplan,19,ausgaben,2012,
Verfassungsgericht,einzelplan,19,ausgaben,2012,
Bundesrechnungshof,einzelplan,20,ausgaben,2012,
Rechnungshof,einzelplan,20,ausgaben,2012,
Datenschutzbeauftragte,einzelplan,21,ausgaben,2016,
Datenschutz,einzelplan,21,ausgaben,2016,
Kontrollrat,einzelplan,22,ausgaben,2022,
Entwicklungsministerium,einzelplan,23,ausgaben,2012,
Digitalministerium,einzelplan,24,ausgaben,2025,
Bauministerium,einzelplan,25,ausgaben,2022,
Bildungsministerium,einzelplan,30,ausgaben,2012,
Forschungsministerium,einzelplan,30,ausgaben,2012,
Bundesschuld,einzelplan,32,ausgaben,2012,
Verteidigung,oberfunktion,03,ausgaben,2012,
Verteidigungsausgaben,oberfunktion,03,ausgaben,2012,
Streitkräfte,funktion,032,ausgaben,2012,
Entwicklungshilfe,funktion,023,ausgaben,2012,
Entwicklungszusammenarbeit,funktion,023,ausgaben,2012,
Polizei,funktion,042,ausgaben,2012,
Katastrophenschutz,funktion,045,ausgaben,2013,
Zivilschutz,funktion,045,ausgaben,2013,
Hochschulen,oberfunktion,13,ausgaben,2012,
Universitäten,oberfunktion,13,ausgaben,2012,
DFG,funktion,137,ausgaben,2012,
Deutsche Forschungsgemeinschaft,funktion,137,ausgaben,2012,
Schülerförderung,funktion,141,ausgaben,2012,
BAföG,funktion,142,ausgaben,2012,
Studienförderung,funktion,142,ausgaben,2012,
Forschung,oberfunktion,16,ausgaben,2012,
Wissenschaft,oberfunktion,16,ausgaben,2012,
Kultur,oberfunktion,18,ausgaben,2012,
Rente,funktion,221,ausgaben,2012,
Renten,funktion,221,ausgaben,2012,
Rentenversicherung,funktion,221,ausgaben,2012,
Rentenzuschuss,funktion,221,ausgaben,2012,
Krankenversicherung,funktion,224,ausgaben,2012,
Gesundheitsfonds,funktion,224,ausgaben,2012,
Arbeitslosenversicherung,funktion,225,ausgaben,2012,
Pflegeversicherung,funktion,227,ausgaben,2022,2026
Kindergeld,funktion,231,ausgaben,2012,
Kinderzuschlag,funktion,231,ausgaben,2012,
Elterngeld,funktion,232,ausgaben,2012,
Wohngeld,funktion,233,ausgaben,2012,
Hartz IV,funktion,251,ausgaben,2012,2022
Arbeitslosengeld II,funktion,251,ausgaben,2012,2022
Bürgergeld,funktion,251,ausgaben,2023,
Kosten der Unterkunft,funktion,252,ausgaben,2012,
Unterkunft und Heizung,funktion,252,ausgaben,2012,
Arbeitsförderung,funktion,253,ausgaben,2012,
Jobcenter,oberfunktion,25,ausgaben,2012,
Grundsicherung im Alter,funktion,282,ausgaben,2013,
Gesundheit,oberfunktion,31,ausgaben,2012,
Sport,funktion,322,ausgaben,2013,
Sportförderung,funktion,322,ausgaben,2013,
Umweltschutz,oberfunktion,33,ausgaben,2012,
Naturschutz,funktion,332,ausgaben,2012,
Reaktorsicherheit,oberfunktion,34,ausgaben,2012,
Strahlenschutz,oberfunktion,34,ausgaben,2012,
Wohnungsbau,funktion,411,ausgaben,2012,
Sozialer Wohnungsbau,funktion,411,ausgaben,2012,
Städtebauförderung,funktion,423,ausgaben,2013,
Landwirtschaft,oberfunktion,52,ausgaben,2012,
Erneuerbare Energien,funktion,642,ausgaben,2012,
Stromversorgung,funktion,643,ausgaben,2013,
Straßenbau,oberfunktion,72,ausgaben,2012,
Autobahn,funktion,721,ausgaben,2012,
Autobahnen,funktion,721,ausgaben,2012,
Bundesstraßen,funktion,722,ausgaben,2012,
Wasserstraßen,oberfunktion,73,ausgaben,2012,
Bahn,funktion,742,ausgaben,2013,
Deutsche Bahn,funktion,742,ausgaben,2013,
Schiene,funktion,742,ausgaben,2013,
ÖPNV,funktion,741,ausgaben,2012,
Nahverkehr,funktion,741,ausgaben,2012,
Luftfahrt,funktion,750,ausgaben,2013,
Rundfunk,funktion,772,ausgaben,2012,
Sondervermögen,funktion,813,ausgaben,2013,
Zinsen,funktion,830,ausgaben,2013,
Zinsausgaben,funktion,830,ausgaben,2013,
Schuldzinsen,funktion,830,ausgaben,2013,
Personalausgaben,hauptgruppe,4,ausgaben,2012,
Investitionen,hauptgruppe,7,ausgaben,2012,
Investitionen,hauptgruppe,8,ausgaben,2012,
Globale Minderausgabe,gruppierung,972,ausgaben,2012,
Lohnsteuer,gruppierung,011,einnahmen,2012,
Einkommensteuer,gruppierung,012,einnahmen,2012,
Körperschaftsteuer,gruppierung,014,einnahmen,2012,
Umsatzsteuer,gruppierung,015,einnahmen,2012,
Mehrwertsteuer,gruppierung,015,einnahmen,2012,
Einfuhrumsatzsteuer,gruppierung,016,einnahmen,2012,
Steuern,hauptgruppe,0,einnahmen,2012,
Steuereinnahmen,hauptgruppe,0,einnahmen,2012,
Kredite,obergruppe,32,einnahmen,2012,
Kreditaufnahme,obergruppe,32,einnahmen,2012,
Neuverschuldung,obergruppe,32,einnahmen,2012,
Neue Schulden,obergruppe,32,einnahmen,2012,
